{
  "baseline": {
    "brightness": {
      "0": 0.9,
      "1": 0.8466666666666667,
      "2": 0.7333333333333333,
      "3": 0.68,
      "4": 0.5933333333333334
    },
    "darkness": {
      "0": 0.9,
      "1": 0.88,
      "2": 0.86,
      "3": 0.7933333333333333,
      "4": 0.7
    },
    "blur": {
      "0": 0.9,
      "1": 0.78,
      "2": 0.5866666666666667,
      "3": 0.3333333333333333,
      "4": 0.29333333333333333
    },
    "rotation": {
      "0": 0.9,
      "1": 0.8866666666666667,
      "2": 0.8266666666666667,
      "3": 0.7666666666666667,
      "4": 0.7066666666666667
    },
    "jpeg": {
      "0": 0.9,
      "1": 0.8666666666666667,
      "2": 0.8,
      "3": 0.6533333333333333,
      "4": 0.44666666666666666
    },
    "occlusion": {
      "0": 0.9,
      "1": 0.8866666666666667,
      "2": 0.86,
      "3": 0.8266666666666667,
      "4": 0.7133333333333334
    }
  },
  "augmented": {
    "brightness": {
      "0": 0.8533333333333334,
      "1": 0.8333333333333334,
      "2": 0.7866666666666666,
      "3": 0.7466666666666667,
      "4": 0.68
    },
    "darkness": {
      "0": 0.8533333333333334,
      "1": 0.8466666666666667,
      "2": 0.84,
      "3": 0.8133333333333334,
      "4": 0.7666666666666667
    },
    "blur": {
      "0": 0.8533333333333334,
      "1": 0.8266666666666667,
      "2": 0.6733333333333333,
      "3": 0.44666666666666666,
      "4": 0.38
    },
    "rotation": {
      "0": 0.8533333333333334,
      "1": 0.8333333333333334,
      "2": 0.8133333333333334,
      "3": 0.8,
      "4": 0.66
    },
    "jpeg": {
      "0": 0.8533333333333334,
      "1": 0.8,
      "2": 0.76,
      "3": 0.5866666666666667,
      "4": 0.5133333333333333
    },
    "occlusion": {
      "0": 0.8533333333333334,
      "1": 0.88,
      "2": 0.84,
      "3": 0.8,
      "4": 0.6933333333333334
    }
  }
}