{
  "baseline": {
    "brightness": {
      "0": 0.9107142857142857,
      "1": 0.8571428571428571,
      "2": 0.7857142857142857,
      "3": 0.7410714285714286,
      "4": 0.6785714285714286
    },
    "darkness": {
      "0": 0.9107142857142857,
      "1": 0.875,
      "2": 0.8571428571428571,
      "3": 0.8303571428571429,
      "4": 0.8035714285714286
    },
    "blur": {
      "0": 0.9107142857142857,
      "1": 0.8928571428571429,
      "2": 0.8035714285714286,
      "3": 0.6517857142857143,
      "4": 0.6607142857142857
    },
    "rotation": {
      "0": 0.9107142857142857,
      "1": 0.9375,
      "2": 0.9285714285714286,
      "3": 0.9196428571428571,
      "4": 0.8303571428571429
    },
    "jpeg": {
      "0": 0.9107142857142857,
      "1": 0.8571428571428571,
      "2": 0.8571428571428571,
      "3": 0.7946428571428571,
      "4": 0.7053571428571429
    },
    "occlusion": {
      "0": 0.9107142857142857,
      "1": 0.8928571428571429,
      "2": 0.8660714285714286,
      "3": 0.875,
      "4": 0.8125
    }
  },
  "augmented": {
    "brightness": {
      "0": 0.9107142857142857,
      "1": 0.9196428571428571,
      "2": 0.875,
      "3": 0.7946428571428571,
      "4": 0.8035714285714286
    },
    "darkness": {
      "0": 0.9107142857142857,
      "1": 0.9107142857142857,
      "2": 0.9196428571428571,
      "3": 0.875,
      "4": 0.8125
    },
    "blur": {
      "0": 0.9107142857142857,
      "1": 0.9196428571428571,
      "2": 0.75,
      "3": 0.7142857142857143,
      "4": 0.7232142857142857
    },
    "rotation": {
      "0": 0.9107142857142857,
      "1": 0.9107142857142857,
      "2": 0.9107142857142857,
      "3": 0.8571428571428571,
      "4": 0.8035714285714286
    },
    "jpeg": {
      "0": 0.9107142857142857,
      "1": 0.8928571428571429,
      "2": 0.8392857142857143,
      "3": 0.8125,
      "4": 0.7589285714285714
    },
    "occlusion": {
      "0": 0.9107142857142857,
      "1": 0.9107142857142857,
      "2": 0.8928571428571429,
      "3": 0.875,
      "4": 0.8035714285714286
    }
  }
}