{
  "baseline_clean_acc": 0.9,
  "baseline_mean_robust_acc": 0.7573333333333333,
  "augmented_clean_acc": 0.8533333333333334,
  "augmented_mean_robust_acc": 0.7580000000000001,
  "delta_mean_robust_acc": 0.0006666666666668153,
  "per_corruption_severity4": {
    "brightness": {
      "baseline": 0.5933333333333334,
      "augmented": 0.68
    },
    "darkness": {
      "baseline": 0.7,
      "augmented": 0.7666666666666667
    },
    "blur": {
      "baseline": 0.29333333333333333,
      "augmented": 0.38
    },
    "rotation": {
      "baseline": 0.7066666666666667,
      "augmented": 0.66
    },
    "jpeg": {
      "baseline": 0.44666666666666666,
      "augmented": 0.5133333333333333
    },
    "occlusion": {
      "baseline": 0.7133333333333334,
      "augmented": 0.6933333333333334
    }
  }
}